{
  "COINBASE:AAVEUSD": {
    "name": "AAVEUSD",
    "close": 89.86,
    "change": -3.1993967467413538,
    "volume": 11989.462,
    "all_time_high": 670,
    "all_time_low": 26.02937491,
    "price_52_week_high": 385.59,
    "price_52_week_low": 85.76,
    "_category": "defi"
  },
  "COINBASE:ADAUSD": {
    "name": "ADAUSD",
    "close": 0.2565,
    "change": -1.949541284403667,
    "volume": 9584214.75951256,
    "all_time_high": 3.0994,
    "all_time_low": 0.2203,
    "price_52_week_high": 1.0196,
    "price_52_week_low": 0.2203,
    "_category": "l1_chains"
  },
  "BINANCE:APTUSD": {
    "name": "APTUSD",
    "close": 0.96104006,
    "change": -2.685358008327546,
    "volume": 33216.68,
    "all_time_high": 72.55884285,
    "all_time_low": 0.79280102,
    "price_52_week_high": 6.21525116,
    "price_52_week_low": 0.79280102,
    "_category": "l1_chains"
  },
  "COINBASE:ARBUSD": {
    "name": "ARBUSD",
    "close": 0.1213,
    "change": -2.804487179487171,
    "volume": 1470176.05,
    "all_time_high": 2.4072,
    "all_time_low": 0.0857,
    "price_52_week_high": 0.6243,
    "price_52_week_low": 0.0857,
    "_category": "l2_scaling"
  },
  "BINANCE:ARUSD": {
    "name": "ARUSD",
    "close": 2.1528659,
    "change": -2.048042308417834,
    "volume": 10812.82,
    "all_time_high": 92.5238669225,
    "all_time_low": 1.2849118,
    "price_52_week_high": 8.8750219,
    "price_52_week_low": 1.2849118,
    "_category": "ai_crypto"
  },
  "COINBASE:AVAXUSD": {
    "name": "AVAXUSD",
    "close": 9.38,
    "change": -1.6771488469601508,
    "volume": 203918.97447108,
    "all_time_high": 147.5,
    "all_time_low": 7.53,
    "price_52_week_high": 36.19,
    "price_52_week_low": 7.53,
    "_category": "l1_chains"
  },
  "BINANCE:BNBUSD": {
    "name": "BNBUSD",
    "close": 660.09,
    "change": -1.7986253682049331,
    "volume": 11.643,
    "all_time_high": 1375.9,
    "all_time_low": 0.02141498,
    "price_52_week_high": 1375.9,
    "price_52_week_low": 570.65,
    "_category": "l1_chains"
  },
  "COINBASE:BTCUSD": {
    "name": "BTCUSD",
    "close": 78628.16,
    "change": -0.528591013914813,
    "volume": 1019.87926068,
    "all_time_high": 126296,
    "all_time_low": 109.87,
    "price_52_week_high": 126296,
    "price_52_week_low": 60001,
    "_category": "l1_chains"
  },
  "COINBASE:DOGEUSD": {
    "name": "DOGEUSD",
    "close": 0.1108,
    "change": -2.215161945106344,
    "volume": 55562428.60000014,
    "all_time_high": 0.4875,
    "all_time_low": 0.04908,
    "price_52_week_high": 0.30759,
    "price_52_week_low": 0.07991,
    "_category": "meme"
  },
  "COINBASE:DOTUSD": {
    "name": "DOTUSD",
    "close": 1.277,
    "change": -2.9635258358662724,
    "volume": 284547.77002436,
    "all_time_high": 55.134,
    "all_time_low": 1.103,
    "price_52_week_high": 5.12,
    "price_52_week_low": 1.103,
    "_category": "l1_chains"
  },
  "COINBASE:ETHUSD": {
    "name": "ETHUSD",
    "close": 2216.44,
    "change": -0.2950967161493453,
    "volume": 10480.52654285,
    "all_time_high": 4955.9,
    "all_time_low": 5.81,
    "price_52_week_high": 4955.9,
    "price_52_week_low": 1742.79,
    "_category": "l1_chains"
  },
  "BINANCE:FETUSD": {
    "name": "FETUSD",
    "close": 0.19879285,
    "change": -2.1494088538674934,
    "volume": 392564.3,
    "all_time_high": 3.48003181,
    "all_time_low": 0.007450727999999999,
    "price_52_week_high": 0.99055656,
    "price_52_week_low": 0.11874851,
    "_category": "ai_crypto"
  },
  "BINANCE:FILUSD": {
    "name": "FILUSD",
    "close": 0.98909395,
    "change": -1.963383818485229,
    "volume": 3873.04,
    "all_time_high": 273.68755224,
    "all_time_low": 0.4882624,
    "price_52_week_high": 3.96995552,
    "price_52_week_low": 0.4882624,
    "_category": "data_storage"
  },
  "BINANCE:INJUSD": {
    "name": "INJUSD",
    "close": 4.68734009,
    "change": -3.9749432324029907,
    "volume": 18782.67,
    "all_time_high": 52.9789091,
    "all_time_low": 0.40680916370000003,
    "price_52_week_high": 16.5503264,
    "price_52_week_low": 2.66348772,
    "_category": "defi"
  },
  "BINANCE:KAITOUSDT": {
    "name": "KAITOUSDT",
    "close": 0.4349,
    "change": -2.2916198607054565,
    "volume": 837943.9,
    "all_time_high": 2.9274,
    "all_time_low": 0.1,
    "price_52_week_high": 2.42,
    "price_52_week_low": 0.2656,
    "_category": "other"
  },
  "COINBASE:LINKUSD": {
    "name": "LINKUSD",
    "close": 9.897,
    "change": -1.6691505216095308,
    "volume": 264231.48,
    "all_time_high": 52.99,
    "all_time_low": 0.126496,
    "price_52_week_high": 27.865,
    "price_52_week_low": 7.197,
    "_category": "defi"
  },
  "BINANCE:LTCUSD": {
    "name": "LTCUSD",
    "close": 56.208331,
    "change": -2.207680622131423,
    "volume": 4707.129,
    "all_time_high": 413.6586475,
    "all_time_low": 1.115979,
    "price_52_week_high": 135.873493,
    "price_52_week_low": 45.257539,
    "_category": "l1_chains"
  },
  "BINANCE:NEARUSD": {
    "name": "NEARUSD",
    "close": 1.50682837,
    "change": -2.4290380168628523,
    "volume": 16185.3,
    "all_time_high": 20.69773581,
    "all_time_low": 0.51028750175,
    "price_52_week_high": 3.34059011,
    "price_52_week_low": 0.84714378,
    "_category": "l1_chains"
  },
  "COINBASE:OPUSD": {
    "name": "OPUSD",
    "close": 0.135,
    "change": -1.4598540145985412,
    "volume": 1316303.74,
    "all_time_high": 4.862,
    "all_time_low": 0.099,
    "price_52_week_high": 0.883,
    "price_52_week_low": 0.099,
    "_category": "l2_scaling"
  },
  "BINANCE:PENDLEUSD": {
    "name": "PENDLEUSD",
    "close": 1.90687629,
    "change": -3.4981160896622536,
    "volume": 6908.1,
    "all_time_high": 7.53818884,
    "all_time_low": 0.47510492,
    "price_52_week_high": 6.28173055,
    "price_52_week_low": 0.97257354,
    "_category": "defi"
  },
  "COINBASE:PYTHUSD": {
    "name": "PYTHUSD",
    "close": 0.0452,
    "change": -2.7956989247311883,
    "volume": 729808.4,
    "all_time_high": 0.2676,
    "all_time_low": 0.036,
    "price_52_week_high": 0.2511,
    "price_52_week_low": 0.036,
    "_category": "data_storage"
  },
  "BINANCE:RENDERUSD": {
    "name": "RENDERUSD",
    "close": 1.82793743,
    "change": -2.827730106774663,
    "volume": 8170.23,
    "all_time_high": 13.7519082,
    "all_time_low": 0.2737214,
    "price_52_week_high": 5.33723824,
    "price_52_week_low": 0.50726834,
    "_category": "data_storage"
  },
  "BINANCE:RUNEUSD": {
    "name": "RUNEUSD",
    "close": 0.46525198,
    "change": -5.997585143297254,
    "volume": 155345.2,
    "all_time_high": 22.141305682949998,
    "all_time_low": 0.007710587922591288,
    "price_52_week_high": 2.1869975,
    "price_52_week_low": 0.35227163,
    "_category": "defi"
  },
  "BINANCE:SEIUSD": {
    "name": "SEIUSD",
    "close": 0.06318518,
    "change": -1.4141494203680274,
    "volume": 169370.8,
    "all_time_high": 1.14421765,
    "all_time_low": 0.0481866,
    "price_52_week_high": 0.39135423,
    "price_52_week_low": 0.0481866,
    "_category": "l1_chains"
  },
  "COINBASE:SNXUSD": {
    "name": "SNXUSD",
    "close": 0.312,
    "change": -2.500000000000002,
    "volume": 23972.589,
    "all_time_high": 29,
    "all_time_low": 0.03433708,
    "price_52_week_high": 2.58,
    "price_52_week_low": 0.246,
    "_category": "defi"
  },
  "COINBASE:SOLUSD": {
    "name": "SOLUSD",
    "close": 88.09,
    "change": -1.2222471406144912,
    "volume": 130972.91713045,
    "all_time_high": 295,
    "all_time_low": 8,
    "price_52_week_high": 253.61,
    "price_52_week_low": 67.48,
    "_category": "l1_chains"
  },
  "COINBASE:STRKUSD": {
    "name": "STRKUSD",
    "close": 0.044,
    "change": 0,
    "volume": 1427245.36,
    "all_time_high": 2.78,
    "all_time_low": 0.032,
    "price_52_week_high": 0.28,
    "price_52_week_low": 0.032,
    "_category": "l2_scaling"
  },
  "BINANCE:SUIUSD": {
    "name": "SUIUSD",
    "close": 1.06494572,
    "change": -3.168558979790855,
    "volume": 154700.7,